-- Manufacturer

INSERT INTO MANUFACTURER VALUES (1, 'Toyota', 'Japan', 1937, 500000.00);
INSERT INTO MANUFACTURER VALUES (2, 'Ford', 'USA', 1903, 300000.00);
INSERT INTO MANUFACTURER VALUES (3, 'BMW', 'Germany', 1916, 250000.00);
INSERT INTO MANUFACTURER VALUES (4, 'Hyundai', 'South Korea', 1967, 200000.00);
INSERT INTO MANUFACTURER VALUES (5, 'Honda', 'Japan', 1948, 270000.00);
INSERT INTO MANUFACTURER VALUES (6, 'Volkswagen', 'Germany', 1937, 420000.00);
INSERT INTO MANUFACTURER VALUES (7, 'Tesla', 'USA', 2003, 900000.00);
INSERT INTO MANUFACTURER VALUES (8, 'Kia', 'South Korea', 1944, 180000.00);
INSERT INTO MANUFACTURER VALUES (9, 'Renault', 'France', 1899, 150000.00);
INSERT INTO MANUFACTURER VALUES (10, 'Nissan', 'Japan', 1933, 220000.00);

COMMIT;
SELECT * FROM MANUFACTURER;

-- CARMODEL

INSERT INTO CARMODEL(MODEL_ID,MODEL_NAME,LAUNCH_YEAR,CAR_CATEGORY,ENGINE_TYPE,MANUFACTURER_ID) VALUES (101,'Corolla', 2020, 'Sedan', 'Petrol',1);
INSERT INTO CARMODEL(MODEL_ID,MODEL_NAME,LAUNCH_YEAR,CAR_CATEGORY,ENGINE_TYPE,MANUFACTURER_ID) VALUES (102,'Camry', 2021, 'Sedan', 'Hybrid',1);
INSERT INTO CARMODEL(MODEL_ID,MODEL_NAME,LAUNCH_YEAR,CAR_CATEGORY,ENGINE_TYPE,MANUFACTURER_ID) VALUES (103,'F-150', 2022,  'Pickup',  'Diesel',2);
INSERT INTO CARMODEL(MODEL_ID,MODEL_NAME,LAUNCH_YEAR,CAR_CATEGORY,ENGINE_TYPE,MANUFACTURER_ID) VALUES (104,'Mustang', 2021, 'Coupe',  'Petrol',2);
INSERT INTO CARMODEL(MODEL_ID,MODEL_NAME,LAUNCH_YEAR,CAR_CATEGORY,ENGINE_TYPE,MANUFACTURER_ID) VALUES (105, 'X5',2023, 'SUV', 'Diesel',3);
INSERT INTO CARMODEL(MODEL_ID,MODEL_NAME,LAUNCH_YEAR,CAR_CATEGORY,ENGINE_TYPE,MANUFACTURER_ID) VALUES (106,'Elantra', 2022,  'Sedan', 'Petrol',4);
INSERT INTO CARMODEL(MODEL_ID,MODEL_NAME,LAUNCH_YEAR,CAR_CATEGORY,ENGINE_TYPE,MANUFACTURER_ID) VALUES (107, 'Civic',2021, 'Sedan', 'Petrol',5);
INSERT INTO CARMODEL(MODEL_ID,MODEL_NAME,LAUNCH_YEAR,CAR_CATEGORY,ENGINE_TYPE,MANUFACTURER_ID) VALUES (108, 'Golf',2020, 'Hatchback', 'Diesel',6);
INSERT INTO CARMODEL(MODEL_ID,MODEL_NAME,LAUNCH_YEAR,CAR_CATEGORY,ENGINE_TYPE,MANUFACTURER_ID) VALUES (109,'Model S', 2022, 'Sedan',  'Electric',7);
INSERT INTO CARMODEL(MODEL_ID,MODEL_NAME,LAUNCH_YEAR,CAR_CATEGORY,ENGINE_TYPE,MANUFACTURER_ID) VALUES (110, 'Sportage',2023, 'SUV', 'Petrol',8);

DESC CARMODEL;
SELECT * FROM CARMODEL;

-- PLANTS

INSERT INTO PLANTS VALUES (1, 1, 'Tokyo', 'Japan', 1990, 8000);
INSERT INTO PLANTS VALUES (2, 2, 'Michigan', 'USA', 1980, 12000);
INSERT INTO PLANTS VALUES (3, 3, 'Munich', 'Germany', 1985, 9500);
INSERT INTO PLANTS VALUES (4, 4, 'Seoul', 'South Korea', 1992, 7000);
INSERT INTO PLANTS VALUES (5, 5, 'Osaka', 'Japan', 1995, 8200);
INSERT INTO PLANTS VALUES (6, 6, 'Berlin', 'Germany', 1990, 10000);
INSERT INTO PLANTS VALUES (7, 7, 'California', 'USA', 2016, 6000);
INSERT INTO PLANTS VALUES (8, 8, 'Busan', 'South Korea', 1999, 5000);
INSERT INTO PLANTS VALUES (9, 9, 'Paris', 'France', 2000, 4000);
INSERT INTO PLANTS VALUES (10, 10, 'Yokohama', 'Japan', 1988, 7600);

COMMIT;
DESC PLANTS;
SELECT * FROM PLANTS;


-- SALES
INSERT INTO SALES VALUES (1, 101, 'Asia', 2022, 100000, 200000000);
INSERT INTO SALES VALUES (2, 102, 'North America', 2023, 50000, 150000000);
INSERT INTO SALES VALUES (3, 103, 'USA', 2022, 70000, 250000000);
INSERT INTO SALES VALUES (4, 104, 'Europe', 2023, 40000, 120000000);
INSERT INTO SALES VALUES (5, 105, 'Europe', 2023, 30000, 180000000);
INSERT INTO SALES VALUES (6, 106, 'Asia', 2022, 60000, 100000000);
INSERT INTO SALES VALUES (7, 107, 'Asia', 2022, 80000, 130000000);
INSERT INTO SALES VALUES (8, 108, 'Europe', 2022, 25000, 70000000);
INSERT INTO SALES VALUES (9, 109, 'USA', 2023, 35000, 210000000);
INSERT INTO SALES VALUES (10, 110, 'Asia', 2023, 45000, 90000000);

DESC SALES;
COMMIT;

-- FEATURES
INSERT INTO FEATURES VALUES (1, 101, 'Air Conditioning');
INSERT INTO FEATURES VALUES (2, 101, 'Cruise Control');
INSERT INTO FEATURES VALUES (3, 102, 'Hybrid Battery');
INSERT INTO FEATURES VALUES (4, 103, 'Tow Package');
INSERT INTO FEATURES VALUES (5, 104, 'Sport Mode');
INSERT INTO FEATURES VALUES (6, 105, 'All-Wheel Drive');
INSERT INTO FEATURES VALUES (7, 106, 'Touchscreen Display');
INSERT INTO FEATURES VALUES (8, 107, 'Lane Assist');
INSERT INTO FEATURES VALUES (9, 109, 'Autopilot');
INSERT INTO FEATURES VALUES (10, 110, 'Blind Spot Monitor');

DESC FEATURES;
COMMIT;

-- CUSTOMER

INSERT INTO CUSTOMER VALUES (201, 'Ali', 'Pakistan', 101, TO_DATE('2022-08-01', 'YYYY-MM-DD'));
INSERT INTO CUSTOMER VALUES (202, 'John', 'USA', 102, TO_DATE('2023-01-12', 'YYYY-MM-DD'));
INSERT INTO CUSTOMER VALUES (203, 'Sara', 'Germany', 105, TO_DATE('2023-06-30', 'YYYY-MM-DD'));
INSERT INTO CUSTOMER VALUES (204, 'Emily', 'UK', 104, TO_DATE('2023-03-18', 'YYYY-MM-DD'));
INSERT INTO CUSTOMER VALUES (205, 'Tariq', 'UAE', 107, TO_DATE('2022-10-10', 'YYYY-MM-DD'));
INSERT INTO CUSTOMER VALUES (206, 'Lina', 'France', 108, TO_DATE('2022-09-21', 'YYYY-MM-DD'));
INSERT INTO CUSTOMER VALUES (207, 'Omar', 'Egypt', 106, TO_DATE('2022-12-05', 'YYYY-MM-DD'));
INSERT INTO CUSTOMER VALUES (208, 'Sofia', 'Spain', 109, TO_DATE('2023-05-25', 'YYYY-MM-DD'));
INSERT INTO CUSTOMER VALUES (209, 'Faisal', 'Pakistan', 110, TO_DATE('2023-07-01', 'YYYY-MM-DD'));
INSERT INTO CUSTOMER VALUES (210, 'Liam', 'Canada', 103, TO_DATE('2023-02-15', 'YYYY-MM-DD'));

DESC CUSTOMER;

SELECT * FROM CUSTOMER;
-- DEALERS

INSERT INTO DEALERS VALUES (301, 'AutoZone', 'Asia', 'azone@email.com');
INSERT INTO DEALERS VALUES (302, 'SpeedMotors', 'Europe', 'speed@email.com');
INSERT INTO DEALERS VALUES (303, 'GlobalCars', 'USA', 'global@email.com');
INSERT INTO DEALERS VALUES (304, 'MetroAuto', 'Canada', 'metro@email.com');
INSERT INTO DEALERS VALUES (305, 'DriveTech', 'Asia', 'drive@email.com');
INSERT INTO DEALERS VALUES (306, 'AutoHub', 'Germany', 'hub@email.com');
INSERT INTO DEALERS VALUES (307, 'RoadWay', 'UK', 'road@email.com');
INSERT INTO DEALERS VALUES (308, 'Cars4U', 'France', 'cars4u@email.com');
INSERT INTO DEALERS VALUES (309, 'TeslaDepot', 'USA', 'tesla@email.com');
INSERT INTO DEALERS VALUES (310, 'NissanHouse', 'Japan', 'nissan@email.com');

COMMIT;
DESC DEALERS;

-- MAINTAINANCE 

INSERT INTO MAINTAINANCE_RECORDS(MAINTAINANCE_ID,CUSTOMER_ID,MODEL_ID,DEALER_ID,SERVICE_DATE,SERVICE_TYPE,COST) VALUES (401, 201, 101, 301, TO_DATE('2023-01-15', 'YYYY-MM-DD'), 'Oil Change', 50.00);
INSERT INTO MAINTAINANCE_RECORDS(MAINTAINANCE_ID,CUSTOMER_ID,MODEL_ID,DEALER_ID,SERVICE_DATE,SERVICE_TYPE,COST) VALUES (402, 202, 102, 303, TO_DATE('2023-02-20', 'YYYY-MM-DD'), 'Battery Check', 100.00);
INSERT INTO MAINTAINANCE_RECORDS(MAINTAINANCE_ID,CUSTOMER_ID,MODEL_ID,DEALER_ID,SERVICE_DATE,SERVICE_TYPE,COST) VALUES (403, 203, 105, 306, TO_DATE('2023-03-25', 'YYYY-MM-DD'), 'Tire Replacement', 300.00);
INSERT INTO MAINTAINANCE_RECORDS(MAINTAINANCE_ID,CUSTOMER_ID,MODEL_ID,DEALER_ID,SERVICE_DATE,SERVICE_TYPE,COST) VALUES (404, 204, 104, 307, TO_DATE('2023-04-10', 'YYYY-MM-DD'), 'Brake Check', 80.00);
INSERT INTO MAINTAINANCE_RECORDS(MAINTAINANCE_ID,CUSTOMER_ID,MODEL_ID,DEALER_ID,SERVICE_DATE,SERVICE_TYPE,COST) VALUES (405, 205, 107, 305, TO_DATE('2023-05-05', 'YYYY-MM-DD'), 'AC Service', 150.00);
INSERT INTO MAINTAINANCE_RECORDS(MAINTAINANCE_ID,CUSTOMER_ID,MODEL_ID,DEALER_ID,SERVICE_DATE,SERVICE_TYPE,COST) VALUES (406, 206, 108, 308, TO_DATE('2023-06-18', 'YYYY-MM-DD'), 'Alignment', 70.00);
INSERT INTO MAINTAINANCE_RECORDS(MAINTAINANCE_ID,CUSTOMER_ID,MODEL_ID,DEALER_ID,SERVICE_DATE,SERVICE_TYPE,COST) VALUES (407, 207, 106, 301, TO_DATE('2023-07-10', 'YYYY-MM-DD'), 'General Service', 120.00);
INSERT INTO MAINTAINANCE_RECORDS(MAINTAINANCE_ID,CUSTOMER_ID,MODEL_ID,DEALER_ID,SERVICE_DATE,SERVICE_TYPE,COST) VALUES (408, 208, 109, 309, TO_DATE('2023-08-20', 'YYYY-MM-DD'), 'Software Update', 0.00);
INSERT INTO MAINTAINANCE_RECORDS(MAINTAINANCE_ID,CUSTOMER_ID,MODEL_ID,DEALER_ID,SERVICE_DATE,SERVICE_TYPE,COST) VALUES (409, 209, 110, 305, TO_DATE('2023-09-05', 'YYYY-MM-DD'), 'Engine Check', 200.00);
INSERT INTO MAINTAINANCE_RECORDS(MAINTAINANCE_ID,CUSTOMER_ID,MODEL_ID,DEALER_ID,SERVICE_DATE,SERVICE_TYPE,COST) VALUES (410, 210, 103, 304, TO_DATE('2023-09-15', 'YYYY-MM-DD'), 'Transmission Check', 250.00);

COMMIT;
DESC MAINTAINANCE_RECORDS;




SELECT * FROM MANUFACTURER;
SELECT * FROM PLANTS;
SELECT * FROM SALES;
SELECT * FROM MAINTAINANCE_RECORDS;
SELECT * FROM CUSTOMER;
SELECT * FROM CARMODEL;
SELECT * FROM FEATURES;
SELECT * FROM DEALERS;

      